,Feature,Pearson,Chi-2,RFE,Logistics,Random Forest,Extra Tree,K-Best,Forward,Forward floating,Backward,Backward floating,Mutual Info,Mutual Info2,Total
1,RRV_LFn,False,False,False,False,True,True,False,True,True,True,True,False,True,7
2,HRV_ApEn,True,True,False,False,True,True,True,False,False,True,False,False,True,7
3,RRV_ApEn,True,True,False,False,True,True,True,False,False,False,True,False,False,6
4,RRV_SD1,False,False,True,True,False,False,False,True,True,False,False,False,False,4
5,HRV_VLF,False,False,False,False,True,True,False,False,False,False,True,False,True,4
6,HRV_SDNNI1,False,False,True,True,False,False,False,False,False,False,False,True,True,4
7,HRV_RCMSEn,True,False,False,False,True,True,True,False,False,False,False,False,False,4
8,HRV_MFDFA_alpha2_Fluctuation,True,True,False,False,False,False,True,False,False,False,False,False,True,4
9,HRV_LF,True,True,False,False,False,True,True,False,False,False,False,False,False,4
10,HRV_GI,True,False,False,False,True,False,True,False,False,True,False,False,False,4
11,HRV_DFA_alpha2,True,False,False,False,True,True,True,False,False,False,False,False,False,4
12,ECG_Rate_Mean,False,False,False,True,False,False,False,False,True,True,False,True,False,4
13,RRV_SD2,False,False,False,False,False,False,False,True,True,False,True,False,False,3
14,RRV_HFn,False,True,False,False,False,True,False,False,False,False,False,False,True,3
15,HRV_ShanEn,True,True,False,False,False,False,True,False,False,False,False,False,False,3
16,HRV_SI,True,False,False,False,True,False,True,False,False,False,False,False,False,3
17,HRV_SDSD,False,False,True,False,False,False,False,False,True,False,False,True,False,3
18,HRV_AI,False,False,False,False,True,True,False,False,False,False,True,False,False,3
19,RSP_Rate_Mean,False,False,True,False,False,False,False,False,False,True,False,False,False,2
20,RRV_VLF,False,False,False,False,False,True,False,False,False,False,False,False,True,2
21,RRV_SDSD,False,False,True,True,False,False,False,False,False,False,False,False,False,2
22,RRV_RMSSD,False,False,True,True,False,False,False,False,False,False,False,False,False,2
23,HRV_TINN,False,False,False,True,False,False,False,False,False,True,False,False,False,2
24,HRV_SDNNa,False,False,True,False,False,False,False,False,False,False,True,False,False,2
25,HRV_SDANN1,False,False,False,False,True,False,False,False,False,False,False,True,False,2
26,HRV_RMSSD,False,False,False,False,False,False,False,True,False,False,False,True,False,2
27,HRV_MinNN,False,False,False,True,False,False,False,False,True,False,False,False,False,2
28,HRV_MedianNN,False,False,False,True,False,False,False,False,False,False,False,True,False,2
29,HRV_MeanNN,False,False,False,False,False,False,False,True,False,False,False,True,False,2
30,HRV_MFDFA_alpha2_Increment,False,True,False,False,False,False,False,False,False,False,True,False,False,2
31,HRV_CVSD,False,False,False,False,False,False,False,True,False,False,False,True,False,2
32,HRV_CMSEn,True,False,False,False,False,False,True,False,False,False,False,False,False,2
33,HRV_C2a,False,False,False,False,False,False,False,False,False,True,True,False,False,2
34,RSP_Phase_Duration_Ratio,False,False,False,False,False,False,False,False,False,True,False,False,False,1
35,RRV_SDBB,False,False,False,False,False,False,False,True,False,False,False,False,False,1
36,RRV_LFHF,False,False,False,True,False,False,False,False,False,False,False,False,False,1
37,RRV_LF,False,True,False,False,False,False,False,False,False,False,False,False,False,1
38,HRV_pNN20,False,False,False,False,False,False,False,False,True,False,False,False,False,1
39,HRV_SampEn,False,False,False,False,False,False,False,False,True,False,False,False,False,1
40,HRV_SDNN,False,False,False,False,False,False,False,False,False,False,False,True,False,1
41,HRV_SD2a,False,False,True,False,False,False,False,False,False,False,False,False,False,1
42,HRV_SD1a,False,False,False,False,False,False,False,False,True,False,False,False,False,1
43,HRV_SD1,False,False,False,False,False,False,False,True,False,False,False,False,False,1
44,HRV_S,False,True,False,False,False,False,False,False,False,False,False,False,False,1
45,HRV_PI,False,False,True,False,False,False,False,False,False,False,False,False,False,1
46,HRV_MaxNN,False,False,False,True,False,False,False,False,False,False,False,False,False,1
47,HRV_MadNN,False,False,False,False,False,False,False,False,False,True,False,False,False,1
48,HRV_MFDFA_alpha2_Peak,False,False,False,False,False,False,False,False,False,False,False,False,True,1
49,HRV_MFDFA_alpha2_Max,False,False,False,False,False,False,False,False,False,False,False,False,True,1
50,HRV_MFDFA_alpha2_Delta,False,False,False,False,False,False,False,False,False,False,False,False,True,1
51,HRV_MFDFA_alpha1_Width,False,False,False,False,False,False,False,False,False,False,True,False,False,1
52,HRV_MFDFA_alpha1_Increment,False,False,False,False,False,False,False,False,False,True,False,False,False,1
53,HRV_MCVNN,False,False,False,False,False,False,False,True,False,False,False,False,False,1
54,HRV_LFHF,False,False,False,False,False,False,False,False,False,False,True,False,False,1
55,HRV_IQRNN,False,False,True,False,False,False,False,False,False,False,False,False,False,1
56,HRV_HF,False,True,False,False,False,False,False,False,False,False,False,False,False,1
57,HRV_DFA_alpha1,False,False,False,False,False,False,False,False,True,False,False,False,False,1
58,HRV_CVNN,False,False,False,False,False,False,False,False,False,False,False,True,False,1
59,HRV_CD,False,False,False,False,False,False,False,True,False,False,False,False,False,1
60,RSP_Phase_Duration_Inspiration,False,False,False,False,False,False,False,False,False,False,False,False,False,0
61,RSP_Phase_Duration_Expiration,False,False,False,False,False,False,False,False,False,False,False,False,False,0
62,RSP_Amplitude_Mean,False,False,False,False,False,False,False,False,False,False,False,False,False,0
63,RRV_SampEn,False,False,False,False,False,False,False,False,False,False,False,False,False,0
64,RRV_SD2SD1,False,False,False,False,False,False,False,False,False,False,False,False,False,0
65,RRV_MedianBB,False,False,False,False,False,False,False,False,False,False,False,False,False,0
66,RRV_MeanBB,False,False,False,False,False,False,False,False,False,False,False,False,False,0
67,RRV_MadBB,False,False,False,False,False,False,False,False,False,False,False,False,False,0
68,RRV_MCVBB,False,False,False,False,False,False,False,False,False,False,False,False,False,0
69,RRV_HF,False,False,False,False,False,False,False,False,False,False,False,False,False,0
70,RRV_CVSD,False,False,False,False,False,False,False,False,False,False,False,False,False,0
71,RRV_CVBB,False,False,False,False,False,False,False,False,False,False,False,False,False,0
72,HRV_pNN50,False,False,False,False,False,False,False,False,False,False,False,False,False,0
73,HRV_VHF,False,False,False,False,False,False,False,False,False,False,False,False,False,0
74,HRV_SDNNd,False,False,False,False,False,False,False,False,False,False,False,False,False,0
75,HRV_SD2d,False,False,False,False,False,False,False,False,False,False,False,False,False,0
76,HRV_SD2,False,False,False,False,False,False,False,False,False,False,False,False,False,0
77,HRV_SD1d,False,False,False,False,False,False,False,False,False,False,False,False,False,0
78,HRV_SD1SD2,False,False,False,False,False,False,False,False,False,False,False,False,False,0
79,HRV_Prc80NN,False,False,False,False,False,False,False,False,False,False,False,False,False,0
80,HRV_Prc20NN,False,False,False,False,False,False,False,False,False,False,False,False,False,0
81,HRV_PSS,False,False,False,False,False,False,False,False,False,False,False,False,False,0
82,HRV_PIP,False,False,False,False,False,False,False,False,False,False,False,False,False,0
83,HRV_PAS,False,False,False,False,False,False,False,False,False,False,False,False,False,0
84,HRV_MSEn,False,False,False,False,False,False,False,False,False,False,False,False,False,0
85,HRV_MFDFA_alpha2_Width,False,False,False,False,False,False,False,False,False,False,False,False,False,0
86,HRV_MFDFA_alpha2_Mean,False,False,False,False,False,False,False,False,False,False,False,False,False,0
87,HRV_MFDFA_alpha2_Asymmetry,False,False,False,False,False,False,False,False,False,False,False,False,False,0
88,HRV_MFDFA_alpha1_Peak,False,False,False,False,False,False,False,False,False,False,False,False,False,0
89,HRV_MFDFA_alpha1_Mean,False,False,False,False,False,False,False,False,False,False,False,False,False,0
90,HRV_MFDFA_alpha1_Max,False,False,False,False,False,False,False,False,False,False,False,False,False,0
91,HRV_MFDFA_alpha1_Fluctuation,False,False,False,False,False,False,False,False,False,False,False,False,False,0
92,HRV_MFDFA_alpha1_Delta,False,False,False,False,False,False,False,False,False,False,False,False,False,0
93,HRV_MFDFA_alpha1_Asymmetry,False,False,False,False,False,False,False,False,False,False,False,False,False,0
94,HRV_LnHF,False,False,False,False,False,False,False,False,False,False,False,False,False,0
95,HRV_LZC,False,False,False,False,False,False,False,False,False,False,False,False,False,0
96,HRV_LFn,False,False,False,False,False,False,False,False,False,False,False,False,False,0
97,HRV_KFD,False,False,False,False,False,False,False,False,False,False,False,False,False,0
98,HRV_IALS,False,False,False,False,False,False,False,False,False,False,False,False,False,0
99,HRV_HTI,False,False,False,False,False,False,False,False,False,False,False,False,False,0
100,HRV_HFn,False,False,False,False,False,False,False,False,False,False,False,False,False,0
101,HRV_HFD,False,False,False,False,False,False,False,False,False,False,False,False,False,0
102,HRV_FuzzyEn,False,False,False,False,False,False,False,False,False,False,False,False,False,0
103,HRV_Cd,False,False,False,False,False,False,False,False,False,False,False,False,False,0
104,HRV_Ca,False,False,False,False,False,False,False,False,False,False,False,False,False,0
105,HRV_CVI,False,False,False,False,False,False,False,False,False,False,False,False,False,0
106,HRV_CSI_Modified,False,False,False,False,False,False,False,False,False,False,False,False,False,0
107,HRV_CSI,False,False,False,False,False,False,False,False,False,False,False,False,False,0
108,HRV_C2d,False,False,False,False,False,False,False,False,False,False,False,False,False,0
109,HRV_C1d,False,False,False,False,False,False,False,False,False,False,False,False,False,0
110,HRV_C1a,False,False,False,False,False,False,False,False,False,False,False,False,False,0
